[
  {
    "ID": 1,
    "SECCION": "Exterior",
    "Responsabilidad Operativa": "Banquetas exteriores Limpias",
    "PROBLEMATICA": "Presencia de basura o suciedad en banquetas",
    "EFECTO_DE_FALLA": "Imagen de descuido y falta de higiene",
    "SEVERIDAD": 8,
    "OCURRENCIA": 5,
    "DETECCION": 7,
    "RIESGO_POTENCIAL": 280,
    "ACCIONES_PREVENTIVAS": "Programar limpieza regular de banquetas y supervisión periódica"
  },
  {
    "ID": 2,
    "SECCION": "Exterior",
    "Responsabilidad Operativa": "Estacionamiento sin exceso de aceite, chicles y basura",
    "PROBLEMATICA": "Presencia de manchas de aceite, chicles y basura en el estacionamiento",
    "EFECTO_DE_FALLA": "Estacionamiento poco atractivo y dificultad para caminar",
    "SEVERIDAD": 7,
    "OCURRENCIA": 6,
    "DETECCION": 8,
    "RIESGO_POTENCIAL": 336,
    "ACCIONES_PREVENTIVAS": "Colocar carteles de prohibición y limpieza periódica del área"
  },
  {
    "ID": 3,
    "SECCION": "Exterior",
    "Responsabilidad Operativa": "Estacionamiento disponibles para los clientes",
    "PROBLEMATICA": "Estacionamiento lleno sin disponibilidad de espacios",
    "EFECTO_DE_FALLA": "Clientes frustrados y posible pérdida de ventas",
    "SEVERIDAD": 6,
    "OCURRENCIA": 8,
    "DETECCION": 7,
    "RIESGO_POTENCIAL": 336,
    "ACCIONES_PREVENTIVAS": "Monitoreo constante del flujo de vehículos y coordinación con otros negocios"
  },
  {
    "ID": 4,
    "SECCION": "Exterior",
    "Responsabilidad Operativa": "Puertas limpias sin huellas, pegamento ni material promocional obsoleto",
    "PROBLEMATICA": "Puertas sucias, con adhesivos y promociones vencidas",
    "EFECTO_DE_FALLA": "Mala impresión y deterioro de la imagen de la tienda",
    "SEVERIDAD": 9,
    "OCURRENCIA": 4,
    "DETECCION": 9,
    "RIESGO_POTENCIAL": 324,
    "ACCIONES_PREVENTIVAS": "Establecer protocolos de limpieza diaria y retiro de promociones caducadas"
  },
  {
    "ID": 5,
    "SECCION": "Exterior",
    "Responsabilidad Operativa": "Contenedores de basura exteriores en buen estado y sin mal olor",
    "PROBLEMATICA": "Contenedores rotos, desbordados o con mal olor",
    "EFECTO_DE_FALLA": "Aspecto descuidado y molestias para clientes y vecinos",
    "SEVERIDAD": 8,
    "OCURRENCIA": 5,
    "DETECCION": 8,
    "RIESGO_POTENCIAL": 320,
    "ACCIONES_PREVENTIVAS": "Programar recolección diaria, mantenimiento de contenedores y uso de bolsas absorbentes de olores"
  },
  {
    "ID": 6,
    "SECCION": "Exterior",
    "Responsabilidad Operativa": "Material promocional y banner exterior vigentes y bien colocados",
    "PROBLEMATICA": "Material promocional y banners deteriorados, mal colocados o vencidos",
    "EFECTO_DE_FALLA": "Impacto negativo en la publicidad y percepción de la marca",
    "SEVERIDAD": 7,
    "OCURRENCIA": 4,
    "DETECCION": 9,
    "RIESGO_POTENCIAL": 252,
    "ACCIONES_PREVENTIVAS": "Revisión semanal de material promocional y banners, y reemplazo o ajuste según sea necesario"
  },
  {
    "ID": 7,
    "SECCION": "Exterior",
    "Responsabilidad Operativa": "Lonas promocionales en buen estado y correctamente colocadas",
    "PROBLEMATICA": "Lonas rotas, mal colocadas o con información obsoleta",
    "EFECTO_DE_FALLA": "Impacto negativo en la publicidad y percepción de la marca",
    "SEVERIDAD": 8,
    "OCURRENCIA": 5,
    "DETECCION": 8,
    "RIESGO_POTENCIAL": 320,
    "ACCIONES_PREVENTIVAS": "Revisión mensual de lonas y reemplazo o ajuste según su estado"
  },
  {
    "ID": 8,
    "SECCION": "Gente",
    "Responsabilidad Operativa": "Uniforme oficial limpio y en buen estado",
    "PROBLEMATICA": "Colaboradores no usan uniforme adecuado",
    "EFECTO_DE_FALLA": "Falta de identificación y profesionalismo",
    "SEVERIDAD": 7,
    "OCURRENCIA": 5,
    "DETECCION": 8,
    "RIESGO_POTENCIAL": 280,
    "ACCIONES_PREVENTIVAS": "Implementar políticas de uso obligatorio de uniforme y supervisiones regulares"
  },
  {
    "ID": 9,
    "SECCION": "Gente",
    "Responsabilidad Operativa": "Gafete y botón promocional no visibles",
    "PROBLEMATICA": "Colaboradores no portan gafete ni botón promocional",
    "EFECTO_DE_FALLA": "Falta de identificación y oportunidad de promoción",
    "SEVERIDAD": 6,
    "OCURRENCIA": 6,
    "DETECCION": 7,
    "RIESGO_POTENCIAL": 252,
    "ACCIONES_PREVENTIVAS": "Recordar al equipo la importancia de portar el gafete y el botón y realizar revisiones aleatorias"
  },
  {
    "ID": 10,
    "SECCION": "Gente",
    "Responsabilidad Operativa": "Demora en abrir la segunda caja",
    "PROBLEMATICA": "Cola de clientes excede la capacidad de atención de una caja",
    "EFECTO_DE_FALLA": "Malestar de clientes y posible pérdida de ventas",
    "SEVERIDAD": 8,
    "OCURRENCIA": 4,
    "DETECCION": 9,
    "RIESGO_POTENCIAL": 288,
    "ACCIONES_PREVENTIVAS": "Establecer criterios claros para abrir la segunda caja y capacitar al personal en la gestión de la misma"
  },
  {
    "ID": 11,
    "SECCION": "Gente",
    "Responsabilidad Operativa": "Cajero no habilitado para ofrecer Servicios",
    "PROBLEMATICA": "Falta de conocimiento o habilidad para ofrecer servicios adicionales",
    "EFECTO_DE_FALLA": "Oportunidad perdida de ventas y experiencia del cliente",
    "SEVERIDAD": 7,
    "OCURRENCIA": 5,
    "DETECCION": 8,
    "RIESGO_POTENCIAL": 280,
    "ACCIONES_PREVENTIVAS": "Capacitar al personal en la oferta de servicios y mantener actualizados los conocimientos"
  },
  {
    "ID": 12,
    "SECCION": "Gente",
    "Responsabilidad Operativa": "Efectivo insuficiente para retiros",
    "PROBLEMATICA": "Falta de efectivo para atender demanda de retiros",
    "EFECTO_DE_FALLA": "Malestar de clientes y limitación en transacciones",
    "SEVERIDAD": 9,
    "OCURRENCIA": 3,
    "DETECCION": 9,
    "RIESGO_POTENCIAL": 243,
    "ACCIONES_PREVENTIVAS": "Monitorear niveles de efectivo y ajustar según demanda, establecer políticas de retiro de efectivo"
  },
  {
    "ID": 13,
    "SECCION": "Gente",
    "Responsabilidad Operativa": "Falta de personal por horario",
    "PROBLEMATICA": "Inconsistencia en la cobertura de horarios",
    "EFECTO_DE_FALLA": "Reducción en calidad de servicio y posible pérdida de ventas",
    "SEVERIDAD": 8,
    "OCURRENCIA": 4,
    "DETECCION": 8,
    "RIESGO_POTENCIAL": 256,
    "ACCIONES_PREVENTIVAS": "Diseñar un plan de horario robusto y establecer protocolos de cobertura en caso de faltas"
  },
  {
    "ID": 14,
    "SECCION": "Gente",
    "Responsabilidad Operativa": "Tiempo extra no autorizado",
    "PROBLEMATICA": "Colaboradores no respetan horarios de salida",
    "EFECTO_DE_FALLA": "Costos adicionales y posible desgaste del personal",
    "SEVERIDAD": 7,
    "OCURRENCIA": 5,
    "DETECCION": 7,
    "RIESGO_POTENCIAL": 245,
    "ACCIONES_PREVENTIVAS": "Establecer políticas claras sobre el tiempo extra y monitorear su cumplimiento"
  },
  {
    "ID": 15,
    "SECCION": "Gente",
    "Responsabilidad Operativa": "Incumplimiento del protocolo de servicio",
    "PROBLEMATICA": "Colaboradores no siguen el protocolo establecido",
    "EFECTO_DE_FALLA": "Experiencia del cliente inconsistente y posible insatisfacción",
    "SEVERIDAD": 8,
    "OCURRENCIA": 4,
    "DETECCION": 8,
    "RIESGO_POTENCIAL": 256,
    "ACCIONES_PREVENTIVAS": "Capacitar al personal en el protocolo de servicio y realizar seguimiento regular"
  },
  {
    "ID": 16,
    "SECCION": "Gente",
    "Responsabilidad Operativa": "Falta de promoción del programa de lealtad",
    "PROBLEMATICA": "Colaboradores no ofrecen tarjetas de lealtad a clientes",
    "EFECTO_DE_FALLA": "Pérdida de oportunidades de fidelización y beneficios",
    "SEVERIDAD": 7,
    "OCURRENCIA": 6,
    "DETECCION": 7,
    "RIESGO_POTENCIAL": 294,
    "ACCIONES_PREVENTIVAS": "Capacitar al personal en la promoción de programas de lealtad y establecer metas claras"
  },
  {
    "ID": 17,
    "SECCION": "Comercial",
    "Responsabilidad Operativa": "Limpieza Piso de Venta",
    "PROBLEMATICA": "Presencia de suciedad o desorden en el piso de venta",
    "EFECTO_DE_FALLA": "Mala impresión y falta de higiene",
    "SEVERIDAD": 8,
    "OCURRENCIA": 5,
    "DETECCION": 7,
    "RIESGO_POTENCIAL": 280,
    "ACCIONES_PREVENTIVAS": "Implementar un plan de limpieza regular y supervisión periódica"
  },
  {
    "ID": 18,
    "SECCION": "Comercial",
    "Responsabilidad Operativa": "Góndolas limpias",
    "PROBLEMATICA": "Góndolas sucias o desordenadas",
    "EFECTO_DE_FALLA": "Mala presentación de productos y experiencia de compra",
    "SEVERIDAD": 7,
    "OCURRENCIA": 6,
    "DETECCION": 6,
    "RIESGO_POTENCIAL": 252,
    "ACCIONES_PREVENTIVAS": "Establecer rutinas de limpieza y mantener ordenadas las góndolas"
  },
  {
    "ID": 19,
    "SECCION": "Comercial",
    "Responsabilidad Operativa": "Cuarto Frío / Refrigerador en buen estado y etiquetado",
    "PROBLEMATICA": "Cuarto Frío / Refrigerador en mal estado o sin etiquetado",
    "EFECTO_DE_FALLA": "Riesgo de contaminación de productos y dificultad para la gestión de inventario",
    "SEVERIDAD": 9,
    "OCURRENCIA": 4,
    "DETECCION": 8,
    "RIESGO_POTENCIAL": 288,
    "ACCIONES_PREVENTIVAS": "Implementar programas de mantenimiento y etiquetado de productos"
  },
  {
    "ID": 20,
    "SECCION": "Comercial",
    "Responsabilidad Operativa": "Góndolas ejecutadas según planogramas y etiquetadas",
    "PROBLEMATICA": "Góndolas desordenadas o sin etiquetado",
    "EFECTO_DE_FALLA": "Dificultad para la identificación y compra de productos",
    "SEVERIDAD": 8,
    "OCURRENCIA": 5,
    "DETECCION": 7,
    "RIESGO_POTENCIAL": 280,
    "ACCIONES_PREVENTIVAS": "Capacitar al personal en la ejecución de planogramas y mantener etiquetadas las góndolas"
  },
  {
    "ID": 21,
    "SECCION": "Comercial",
    "Responsabilidad Operativa": "Caducidades revisadas en piso de venta",
    "PROBLEMATICA": "Productos caducados en el piso de venta",
    "EFECTO_DE_FALLA": "Riesgo de venta de productos no aptos para consumo",
    "SEVERIDAD": 9,
    "OCURRENCIA": 3,
    "DETECCION": 9,
    "RIESGO_POTENCIAL": 243,
    "ACCIONES_PREVENTIVAS": "Implementar controles de revisión de caducidades y capacitación al personal"
  },
  {
    "ID": 22,
    "SECCION": "Comercial",
    "Responsabilidad Operativa": "Promociones y material promocional en piso de venta",
    "PROBLEMATICA": "Falta de material promocional en el piso de venta",
    "EFECTO_DE_FALLA": "Oportunidad perdida de promoción y ventas",
    "SEVERIDAD": 7,
    "OCURRENCIA": 6,
    "DETECCION": 6,
    "RIESGO_POTENCIAL": 252,
    "ACCIONES_PREVENTIVAS": "Mantener actualizado y visible el material promocional en el piso de venta"
  },
  {
    "ID": 23,
    "SECCION": "Ventas",
    "Responsabilidad Operativa": "Ofrecimiento de la venta Sugerida al Cliente",
    "PROBLEMATICA": "No ofrecimiento de venta sugerida",
    "EFECTO_DE_FALLA": "Oportunidad perdida de venta adicional",
    "SEVERIDAD": 6,
    "OCURRENCIA": 7,
    "DETECCION": 6,
    "RIESGO_POTENCIAL": 252,
    "ACCIONES_PREVENTIVAS": "Capacitar al personal en la oferta sugerida y establecer protocolos de seguimiento"
  },
  {
    "ID": 24,
    "SECCION": "Ventas",
    "Responsabilidad Operativa": "Análisis de la venta en el tablero de gestión operativa y Resumen Operativo",
    "PROBLEMATICA": "Falta de análisis y seguimiento de la venta",
    "EFECTO_DE_FALLA": "Dificultad para la toma de decisiones y optimización de operaciones",
    "SEVERIDAD": 8,
    "OCURRENCIA": 4,
    "DETECCION": 8,
    "RIESGO_POTENCIAL": 256,
    "ACCIONES_PREVENTIVAS": "Implementar procesos de análisis y seguimiento regular de la venta"
  },
  {
    "ID": 25,
    "SECCION": "Ventas",
    "Responsabilidad Operativa": "Activaciones de tarjetas de programas de lealtad",
    "PROBLEMATICA": "Bajo número de activaciones de tarjetas",
    "EFECTO_DE_FALLA": "Pérdida de oportunidades de fidelización",
    "SEVERIDAD": 7,
    "OCURRENCIA": 5,
    "DETECCION": 7,
    "RIESGO_POTENCIAL": 245,
    "ACCIONES_PREVENTIVAS": "Capacitar al personal en la promoción de activaciones y establecer metas claras"
  },
  {
    "ID": 26,
    "SECCION": "Procesos",
    "Responsabilidad Operativa": "Realización de preinventarios",
    "PROBLEMATICA": "Falta de preinventarios o cobertura insuficiente",
    "EFECTO_DE_FALLA": "Riesgo de pérdida de inventario y dificultad para la gestión",
    "SEVERIDAD": 8,
    "OCURRENCIA": 4,
    "DETECCION": 8,
    "RIESGO_POTENCIAL": 256,
    "ACCIONES_PREVENTIVAS": "Establecer programas de preinventarios y mantener una cobertura adecuada"
  },
  {
    "ID": 27,
    "SECCION": "Procesos",
    "Responsabilidad Operativa": "Merma autorizada bajo control",
    "PROBLEMATICA": "Merma no autorizada o sin control",
    "EFECTO_DE_FALLA": "Pérdida de productos y dificultad en la gestión de inventario",
    "SEVERIDAD": 9,
    "OCURRENCIA": 3,
    "DETECCION": 9,
    "RIESGO_POTENCIAL": 243,
    "ACCIONES_PREVENTIVAS": "Implementar controles estrictos de merma y capacitación al personal"
  },
  {
    "ID": 28,
    "SECCION": "Procesos",
    "Responsabilidad Operativa": "Devoluciones a CEDIS / Proveedores",
    "PROBLEMATICA": "Falta de control en devoluciones",
    "EFECTO_DE_FALLA": "Riesgo de pérdida de productos y dificultad en la gestión",
    "SEVERIDAD": 8,
    "OCURRENCIA": 4,
    "DETECCION": 8,
    "RIESGO_POTENCIAL": 256,
    "ACCIONES_PREVENTIVAS": "Establecer procesos de autorización y seguimiento de devoluciones"
  },
  {
    "ID": 29,
    "SECCION": "Procesos",
    "Responsabilidad Operativa": "Entregas de turnos y cierre de caja",
    "PROBLEMATICA": "Falta de precisión en entregas y cierre de caja",
    "EFECTO_DE_FALLA": "Dificultad en el control de efectivo y gestión de caja",
    "SEVERIDAD": 7,
    "OCURRENCIA": 5,
    "DETECCION": 7,
    "RIESGO_POTENCIAL": 245,
    "ACCIONES_PREVENTIVAS": "Establecer procedimientos claros y capacitación al personal"
  },
  {
    "ID": 30,
    "SECCION": "Procesos",
    "Responsabilidad Operativa": "Arqueos",
    "PROBLEMATICA": "Falta de precisión en arqueos",
    "EFECTO_DE_FALLA": "Riesgo de desbalance de caja y dificultad en la gestión",
    "SEVERIDAD": 8,
    "OCURRENCIA": 4,
    "DETECCION": 8,
    "RIESGO_POTENCIAL": 256,
    "ACCIONES_PREVENTIVAS": "Implementar controles estrictos de arqueo y capacitación al personal"
  },
  {
    "ID": 31,
    "SECCION": "Procesos",
    "Responsabilidad Operativa": "Control de Retiros",
    "PROBLEMATICA": "Falta de control en retiros de efectivo",
    "EFECTO_DE_FALLA": "Riesgo de desbalance de caja y dificultad en la gestión",
    "SEVERIDAD": 8,
    "OCURRENCIA": 4,
    "DETECCION": 8,
    "RIESGO_POTENCIAL": 256,
    "ACCIONES_PREVENTIVAS": "Establecer políticas claras y registros de retiros"
  },
  {
    "ID": 32,
    "SECCION": "Procesos",
    "Responsabilidad Operativa": "Entrega de Valores",
    "PROBLEMATICA": "Falta de control en la entrega de valores",
    "EFECTO_DE_FALLA": "Riesgo de pérdida de valores y dificultad en la gestión",
    "SEVERIDAD": 9,
    "OCURRENCIA": 3,
    "DETECCION": 9,
    "RIESGO_POTENCIAL": 243,
    "ACCIONES_PREVENTIVAS": "Establecer procedimientos estrictos de entrega y registro"
  },
  {
    "ID": 33,
    "SECCION": "Procesos",
    "Responsabilidad Operativa": "Gestión de Folios de incidencias",
    "PROBLEMATICA": "Falta de control en la gestión de incidencias",
    "EFECTO_DE_FALLA": "Riesgo de problemas operativos no resueltos",
    "SEVERIDAD": 7,
    "OCURRENCIA": 5,
    "DETECCION": 7,
    "RIESGO_POTENCIAL": 245,
    "ACCIONES_PREVENTIVAS": "Establecer protocolos claros de gestión de incidencias y seguimiento"
  }
]